{
    "keyboard_name": "DinkyBoard",
    "url": "",
    "maintainer": "qmk",
    "width": 16,
    "height": 5,
    "layouts": {
        "LAYOUT": {
            "layout": [
                {"label":"K00 (F5,F4)", "x":0, "y":0},
                {"label":"K10 (F6,F4)", "x":1, "y":0},
                {"label":"K01 (F5,B3)", "x":2, "y":0},
                {"label":"K11 (F6,B3)", "x":3, "y":0},
                {"label":"K02 (F5,D0)", "x":4, "y":0},
                {"label":"K12 (F6,D0)", "x":5, "y":0},
                {"label":"K03 (F5,D4)", "x":6, "y":0},
                {"label":"K13 (F6,D4)", "x":7, "y":0},
                {"label":"K04 (F5,E6)", "x":8, "y":0},
                {"label":"K14 (F6,E6)", "x":9, "y":0},
                {"label":"K05 (F5,B4)", "x":10, "y":0},
                {"label":"K15 (F6,B4)", "x":11, "y":0},
                {"label":"K06 (F5,B5)", "x":12, "y":0},
                {"label":"K16 (F6,B5)", "x":13, "y":0, "w":2},
                {"label":"K46 (B2,B5)", "x":15, "y":0},
                {"label":"K20 (F7,F4)", "x":0, "y":1, "w":1.5},
                {"label":"K30 (B1,F4)", "x":1.5, "y":1},
                {"label":"K21 (F7,B3)", "x":2.5, "y":1},
                {"label":"K31 (B1,B3)", "x":3.5, "y":1},
                {"label":"K22 (F7,D0)", "x":4.5, "y":1},
                {"label":"K32 (B1,D0)", "x":5.5, "y":1},
                {"label":"K23 (F7,D4)", "x":6.5, "y":1},
                {"label":"K33 (B1,D4)", "x":7.5, "y":1},
                {"label":"K24 (F7,E6)", "x":8.5, "y":1},
                {"label":"K34 (B1,E6)", "x":9.5, "y":1},
                {"label":"K25 (F7,B4)", "x":10.5, "y":1},
                {"label":"K35 (B1,B4)", "x":11.5, "y":1},
                {"label":"K26 (F7,B5)", "x":12.5, "y":1},
                {"label":"K36 (B1,B5)", "x":13.5, "y":1, "w":1.5},
                {"label":"K76 (D1,B5)", "x":15, "y":1},
                {"label":"K40 (B2,F4)", "x":0, "y":2, "w":1.75},
                {"label":"K50 (B6,F4)", "x":1.75, "y":2},
                {"label":"K41 (B2,B3)", "x":2.75, "y":2},
                {"label":"K51 (B6,B3)", "x":3.75, "y":2},
                {"label":"K42 (B2,D0)", "x":4.75, "y":2},
                {"label":"K52 (B6,D0)", "x":5.75, "y":2},
                {"label":"K43 (B2,D4)", "x":6.75, "y":2},
                {"label":"K53 (B6,D4)", "x":7.75, "y":2},
                {"label":"K44 (B2,E6)", "x":8.75, "y":2},
                {"label":"K54 (B6,E6)", "x":9.75, "y":2},
                {"label":"K45 (B2,B4)", "x":10.75, "y":2},
                {"label":"K55 (B6,B4)", "x":11.75, "y":2},
                {"label":"K46 (B2,B5)", "x":12.75, "y":2, "w":2.25},
                {"label":"K94 (D7,E6)", "x":15, "y":2},
                {"label":"K60 (D3,F4)", "x":0, "y":3, "w":2.25},
                {"label":"K70 (D1,F4)", "x":2.25, "y":3},
                {"label":"K61 (D3,B3)", "x":3.25, "y":3},
                {"label":"K71 (D1,B3)", "x":4.25, "y":3},
                {"label":"K62 (D3,D0)", "x":5.25, "y":3},
                {"label":"K72 (D1,D0)", "x":6.25, "y":3},
                {"label":"K63 (D3,D4)", "x":7.25, "y":3},
                {"label":"K73 (D1,D4)", "x":8.25, "y":3},
                {"label":"K64 (D3,E6)", "x":9.25, "y":3},
                {"label":"K74 (D1,E6)", "x":10.25, "y":3},
                {"label":"K65 (D3,B4)", "x":11.25, "y":3},
                {"label":"K75 (D1,B4)", "x":12.25, "y":3, "w":1.75},
                {"label":"K66 (D3,B5)", "x":14, "y":3},
                {"label":"K85 (C6,B4)", "x":15, "y":3},
                {"label":"K80 (C6,F4)", "x":0, "y":4, "w":1.25},
                {"label":"K90 (D7,F4)", "x":1.25, "y":4, "w":1.25},
                {"label":"K81 (C6,B3)", "x":2.5, "y":4, "w":1.25},
                {"label":"K91 (D7,B3)", "x":3.75, "y":4, "w":6.25},
                {"label":"K82 (C6,D0)", "x":10, "y":4, "w":1.25},
                {"label":"K92 (D7,D0)", "x":11.25, "y":4, "w":1.25},
                {"label":"K83 (C6,D4)", "x":13, "y":4},
                {"label":"K93 (D7,D4)", "x":14, "y":4},
                {"label":"K84 (C6,E6)", "x":15, "y":4}
            ]
        }
    }
    ,"meta": "https://noroadsleft.github.io/kbf_qmk_converter/"
}
